student_id,cluster,engagement_tier,login_frequency_per_week,avg_session_duration_min,video_completion_pct,quiz_attempts,forum_posts,weekend_activity_pct
S2001,0,Low,1.1,26.7,29.1,2,0,53.4
S2002,0,Low,1.7,12.9,25.1,0,1,0.0
S2003,1,Medium,4.9,36.5,55.4,7,4,60.4
S2004,1,High,5.2,51.8,88.8,9,14,27.5
S2005,1,High,4.9,68.5,88.3,8,8,11.3
S2006,1,Medium,5.1,37.4,61.2,6,3,33.8
S2007,1,Medium,4.5,47.5,61.4,3,5,48.5
S2008,0,Medium,2.9,23.2,78.0,5,4,25.8
S2009,1,High,4.6,45.5,76.9,6,9,16.9
S2010,0,Low,2.1,10.9,51.0,0,1,0.0
S2011,0,Medium,3.3,28.3,73.9,3,5,35.7
S2012,1,Medium,2.9,34.5,58.4,5,1,59.9
S2013,1,High,5.2,38.6,94.1,8,13,47.2
S2014,0,Medium,3.8,11.6,65.7,3,2,46.4
S2015,0,Low,0.3,17.7,18.8,1,0,16.1
S2016,1,High,4.9,50.7,83.8,10,9,43.1
S2017,0,Medium,2.5,40.0,53.6,3,4,13.2
S2018,0,Medium,2.9,19.6,60.2,4,2,3.1
S2019,0,Medium,3.3,40.8,71.7,3,5,11.9
S2020,1,Medium,2.7,36.0,75.5,6,4,40.1
S2021,0,Medium,4.1,26.7,62.2,6,0,36.8
S2022,0,Medium,3.9,30.3,71.1,3,4,27.2
S2023,1,Medium,4.2,34.0,61.0,7,2,20.0
S2024,1,Medium,4.0,25.7,59.0,7,5,34.9
S2025,1,Medium,3.6,23.4,82.6,7,3,13.6
S2026,0,Low,1.3,19.5,44.0,0,1,5.2
S2027,0,Low,1.3,7.8,24.8,2,0,10.8
S2028,0,Low,1.6,23.0,28.2,2,1,20.9
S2029,1,High,5.4,41.6,84.3,8,13,9.1
S2030,0,Medium,1.3,23.6,83.5,7,0,34.9
S2031,0,Low,0.6,18.9,32.7,1,0,13.4
S2032,1,High,5.7,40.7,95.8,6,3,26.8
S2033,1,High,6.2,47.8,78.0,8,0,39.8
S2034,1,High,5.9,54.1,96.8,7,7,34.8
S2035,0,Low,0.1,13.7,34.0,3,0,16.1
S2036,1,High,6.4,63.6,91.9,9,8,9.8
S2037,0,Low,0.8,16.5,29.2,0,1,0.0
S2038,1,High,6.0,58.4,84.0,10,7,25.4
S2039,0,Low,0.6,26.2,26.7,1,0,27.4
S2040,1,High,4.8,41.5,100.0,11,10,39.7
S2041,0,Medium,1.8,28.5,46.5,5,4,21.2
S2042,0,Medium,3.5,34.9,66.8,3,2,37.4
S2043,0,Low,1.8,10.0,41.7,0,0,27.8
S2044,1,High,5.4,57.3,72.5,6,7,55.5
S2045,1,High,6.1,68.4,87.3,9,7,44.7
S2046,1,Medium,3.3,34.5,80.1,5,0,50.1
S2047,0,Low,1.0,27.4,9.9,3,0,34.7
S2048,0,Medium,3.2,35.0,68.3,7,3,0.0
S2049,0,Medium,3.2,37.3,74.1,4,0,27.5
S2050,0,Medium,4.0,40.5,38.7,3,5,29.6
S2051,0,Medium,1.5,35.8,50.0,3,1,26.2
S2052,1,High,7.0,44.7,83.9,7,9,9.8
S2053,1,High,5.1,64.4,100.0,6,10,27.5
S2054,0,Low,2.1,7.7,44.8,1,1,11.3
S2055,0,Low,0.0,15.8,39.7,1,1,6.0
S2056,1,Medium,5.8,32.7,78.2,6,0,32.0
S2057,1,Medium,3.6,25.1,72.9,5,5,43.6
S2058,0,Low,0.7,5.2,33.0,1,1,28.6
S2059,0,Low,2.4,2.0,33.7,0,1,11.2
S2060,0,Low,2.2,16.4,17.5,1,1,0.0
S2061,0,Medium,2.1,31.6,44.6,7,0,55.1
S2062,0,Medium,4.5,30.1,63.1,5,1,32.2
S2063,1,Medium,4.6,35.4,47.7,7,5,25.2
S2064,0,Medium,4.1,29.9,55.1,7,2,17.6
S2065,0,Low,1.7,2.0,14.5,0,1,18.5
S2066,1,Medium,5.7,39.8,70.7,7,3,39.9
S2067,1,Medium,2.7,47.8,64.8,5,5,36.4
S2068,0,Low,0.3,17.8,16.2,1,1,14.8
S2069,0,Low,1.7,17.7,50.9,3,1,11.6
S2070,1,High,7.0,48.8,81.2,10,0,43.5
S2071,1,High,5.0,53.4,93.1,11,4,42.6
S2072,0,Low,1.9,3.9,34.7,1,1,23.1
S2073,1,Medium,3.0,34.2,74.4,7,5,27.9
S2074,1,High,3.9,64.2,97.5,10,3,43.8
S2075,1,High,7.0,53.9,88.2,6,3,28.8
S2076,0,Low,0.5,31.8,45.1,0,1,30.2
S2077,0,Medium,4.3,27.6,68.7,5,3,15.8
S2078,0,Medium,3.2,39.7,51.9,3,5,14.7
S2079,0,Low,1.3,20.0,41.5,0,1,6.9
S2080,0,Medium,3.5,19.5,64.5,3,5,22.6
S2081,0,Low,0.8,13.8,27.9,3,0,19.3
S2082,1,High,7.0,51.2,85.8,8,14,37.3
S2083,1,High,4.4,51.3,68.4,8,11,30.9
S2084,1,High,4.1,70.9,80.4,9,11,39.5
S2085,1,Medium,4.2,31.6,47.3,3,5,71.2
S2086,0,Low,0.6,26.8,24.8,2,0,8.5
S2087,1,High,4.6,62.9,100.0,10,7,39.2
S2088,0,Medium,2.3,21.9,61.8,4,1,24.5
S2089,0,Low,0.0,19.1,21.1,2,0,25.2
S2090,1,High,4.4,55.4,90.6,6,6,43.6
S2091,0,Medium,3.3,30.3,41.9,5,0,36.6
S2092,1,High,5.6,53.9,72.7,9,3,35.8
S2093,1,Medium,3.5,36.1,79.8,6,2,17.9
S2094,0,Medium,2.5,36.1,60.7,5,3,27.0
S2095,1,High,6.2,46.0,88.1,7,0,63.3
S2096,0,Low,2.4,11.1,33.4,0,1,14.3
S2097,1,Medium,2.8,39.5,62.4,3,5,45.3
S2098,0,Low,1.0,7.7,25.9,1,0,14.4
S2099,1,High,5.1,48.2,84.2,10,5,47.9
S2100,0,Low,2.2,20.9,32.0,2,1,22.3
S2101,0,Medium,2.5,31.2,71.8,6,4,17.9
S2102,0,Low,2.4,12.4,19.6,2,0,24.2
S2103,1,High,7.0,54.0,84.8,8,14,24.3
S2104,0,Low,1.6,8.3,5.7,1,0,36.1
S2105,1,Medium,4.1,33.3,63.7,4,1,47.0
S2106,1,High,4.9,55.4,98.1,6,8,55.2
S2107,1,High,3.8,53.4,100.0,7,14,31.9
S2108,1,Medium,1.9,30.7,56.6,6,3,61.5
S2109,1,High,5.6,49.6,94.5,9,4,55.1
S2110,0,Low,2.0,23.5,40.1,2,0,13.2
S2111,0,Low,0.9,2.0,23.7,1,0,9.8
S2112,0,Medium,5.1,35.1,54.2,5,0,24.2
S2113,0,Low,1.5,10.3,12.4,1,0,20.6
S2114,0,Low,0.7,17.4,40.9,0,0,16.5
S2115,1,Medium,4.1,31.8,57.9,6,5,42.7
S2116,0,Low,3.2,10.9,27.6,2,1,15.8
S2117,1,High,5.3,57.0,75.4,8,4,69.5
S2118,0,Medium,2.0,26.7,43.2,3,4,39.2
S2119,0,Low,0.6,21.1,39.1,1,1,0.7
S2120,0,Medium,4.2,24.0,55.1,5,0,37.9
S2121,1,Medium,3.3,51.2,60.2,6,3,17.5
S2122,0,Medium,2.1,20.4,38.5,7,4,16.6
S2123,0,Medium,2.0,14.8,52.2,4,2,27.6
S2124,0,Medium,4.7,11.6,57.4,5,1,0.0
S2125,1,High,6.5,56.5,100.0,6,11,41.8
S2126,1,High,5.3,49.8,87.9,9,5,57.6
S2127,1,High,6.1,69.9,91.4,8,12,40.3
S2128,0,Medium,3.3,49.9,71.8,4,0,28.8
S2129,0,Medium,3.4,38.5,46.5,6,0,25.2
S2130,1,High,6.4,63.0,99.8,10,11,54.8
S2131,0,Low,2.2,16.9,25.6,3,0,8.5
S2132,0,Low,1.7,23.5,40.4,0,1,14.9
S2133,0,Low,0.8,7.5,26.4,2,1,38.8
S2134,0,Medium,2.2,39.7,54.1,4,3,1.4
S2135,0,Medium,2.1,33.8,50.8,3,5,30.4
S2136,1,High,4.9,60.8,100.0,7,14,45.2
S2137,0,Medium,3.0,25.5,59.5,5,0,47.6
S2138,0,Medium,1.8,25.3,67.6,4,3,15.8
S2139,1,High,3.7,56.9,98.6,8,6,31.5
S2140,0,Low,0.8,23.6,40.5,3,1,19.0
S2141,0,Low,0.6,38.3,46.3,2,0,24.3
S2142,0,Low,2.1,18.1,23.5,2,1,0.0
S2143,0,Low,1.3,22.9,17.4,3,1,11.5
S2144,1,Medium,4.2,47.8,42.1,4,5,43.0
S2145,0,Medium,2.9,21.8,41.3,4,0,52.2
S2146,0,Low,2.2,2.0,25.8,0,0,19.8
S2147,0,Low,1.8,17.7,36.9,3,0,9.3
S2148,0,Medium,3.5,27.5,55.3,5,4,19.3
S2149,0,Low,2.2,26.9,43.2,1,1,5.6
S2150,1,High,4.5,41.0,97.6,7,8,49.5
S2151,0,Medium,2.2,45.8,53.8,6,1,7.6
S2152,1,Medium,3.9,60.0,74.1,7,0,32.2
S2153,0,Low,1.0,19.5,5.2,2,0,26.0
S2154,0,Low,0.0,19.1,12.7,0,0,18.8
S2155,1,Medium,2.6,34.7,56.4,7,5,42.4
S2156,0,Low,1.3,16.1,15.7,1,0,9.8
S2157,0,Medium,1.0,50.9,67.0,5,4,13.9
S2158,0,Low,0.6,23.9,52.3,1,1,18.5
S2159,0,Low,1.7,7.7,41.4,2,0,21.5
S2160,0,Medium,1.7,24.3,58.3,3,5,56.1
S2161,1,Medium,4.3,42.3,82.7,6,3,32.4
S2162,1,High,6.2,34.0,100.0,11,13,55.2
S2163,0,Low,1.6,13.5,55.7,3,1,7.0
S2164,0,Medium,4.2,32.8,39.2,4,5,34.8
S2165,0,Low,0.2,14.0,36.8,0,0,28.9
S2166,1,High,5.7,54.9,83.4,8,14,52.6
S2167,0,Low,1.9,6.9,19.9,2,0,0.9
S2168,0,Medium,3.3,28.7,31.8,6,3,31.2
S2169,0,Low,0.0,17.0,42.2,2,0,0.0
S2170,0,Low,0.7,16.4,26.4,3,0,22.6
S2171,0,Low,0.8,4.6,21.2,2,1,3.5
S2172,0,Low,2.1,16.6,21.5,1,1,9.6
S2173,1,High,6.4,58.4,82.5,8,6,27.5
S2174,0,Medium,3.4,34.5,41.3,6,2,15.5
S2175,0,Low,2.1,28.5,39.0,1,0,25.4
S2176,1,Medium,2.9,40.8,68.3,7,2,31.9
S2177,0,Medium,2.7,36.7,35.1,4,1,28.1
S2178,1,High,4.6,60.6,96.3,11,13,44.7
S2179,1,Medium,3.4,34.0,89.1,7,4,41.1
S2180,0,Medium,4.1,39.5,40.8,3,3,28.7
S2181,0,Medium,3.8,26.7,63.3,3,4,23.7
S2182,0,Low,1.1,13.0,16.2,0,1,9.7
S2183,0,Medium,1.6,42.5,50.7,3,0,17.7
S2184,0,Medium,4.1,26.7,42.4,5,3,18.1
S2185,0,Medium,3.0,36.1,63.7,3,3,47.6
S2186,0,Medium,4.0,23.0,58.1,4,0,64.0
S2187,1,Medium,3.7,23.1,72.9,6,0,49.7
S2188,0,Medium,2.1,35.5,51.1,7,4,24.1
S2189,1,High,5.1,59.8,87.3,8,6,56.1
S2190,1,High,4.7,56.3,76.1,8,11,39.4
S2191,0,Medium,3.5,24.7,53.2,5,5,14.3
S2192,1,High,5.0,55.5,96.9,11,10,25.4
S2193,1,High,3.4,60.1,76.0,10,3,32.9
S2194,1,High,5.7,47.4,88.2,9,0,32.2
S2195,0,Medium,2.4,34.0,56.8,4,5,43.3
S2196,0,Medium,1.8,23.4,69.8,3,2,31.0
S2197,0,Low,1.4,6.3,26.6,2,1,19.9
S2198,0,Low,1.4,17.8,31.7,3,1,2.3
S2199,0,Medium,3.5,34.9,50.9,5,2,41.6
S2200,0,Low,2.1,2.0,42.1,2,1,9.0
S2201,1,High,6.1,61.7,73.5,7,0,47.8
S2202,1,Medium,3.1,35.0,61.1,5,5,59.8
S2203,0,Low,1.9,11.9,42.2,2,0,7.9
S2204,0,Low,0.5,29.2,31.0,0,0,16.1
S2205,1,Medium,3.9,37.1,68.2,7,1,28.1
S2206,0,Medium,2.6,39.2,57.5,6,5,16.4
S2207,0,Medium,4.1,30.5,57.3,3,1,7.7
S2208,1,High,5.9,68.3,80.7,7,10,52.8
S2209,1,Medium,4.2,42.8,66.4,7,4,19.0
S2210,0,Low,2.2,20.1,24.8,1,0,0.0
S2211,0,Medium,3.8,21.7,76.8,7,1,10.8
S2212,0,Medium,2.1,38.5,50.5,6,0,44.3
S2213,0,Medium,1.6,29.9,65.0,3,5,41.9
S2214,1,Medium,2.4,28.8,91.0,4,5,56.3
S2215,0,Medium,2.5,29.4,63.9,5,0,35.4
S2216,0,Low,2.4,8.0,20.1,2,0,13.9
S2217,1,High,4.3,63.0,84.2,10,13,51.8
S2218,1,Medium,4.7,33.9,51.8,7,5,17.0
S2219,0,Low,1.6,16.2,15.2,2,1,0.0
S2220,1,Medium,3.6,45.0,69.9,4,2,54.4
S2221,1,High,4.6,45.4,97.0,9,14,39.9
S2222,1,High,4.3,58.4,91.3,8,6,61.1
S2223,0,Low,1.3,19.5,35.2,1,0,11.3
S2224,1,Medium,1.9,33.2,74.3,7,5,49.4
S2225,0,Low,1.4,5.3,25.6,2,1,33.8
S2226,0,Medium,5.7,37.8,62.5,3,2,11.6
S2227,0,Low,0.6,18.8,30.0,3,0,7.9
S2228,1,High,6.6,38.6,86.7,9,13,40.8
S2229,0,Medium,2.9,32.5,58.0,3,4,12.3
S2230,0,Low,0.8,2.5,39.4,3,1,35.3
S2231,0,Medium,3.7,44.5,59.0,3,0,41.8
S2232,1,High,4.7,42.5,93.4,11,5,52.3
S2233,0,Low,0.0,20.0,23.6,2,0,15.3
S2234,1,High,4.7,43.0,72.7,8,13,58.1
S2235,1,Medium,3.3,53.9,68.7,4,5,44.2
S2236,0,Low,1.3,2.0,29.7,0,1,22.1
S2237,1,High,4.4,52.0,90.1,9,10,35.7
S2238,0,Low,2.3,12.2,2.6,2,0,1.9
S2239,0,Low,1.9,11.8,24.6,1,1,23.6
S2240,0,Medium,4.2,30.9,73.4,5,0,20.5
S2241,1,Medium,4.3,34.3,47.7,6,5,45.3
S2242,0,Medium,1.9,51.8,51.2,7,2,17.4
S2243,1,Medium,3.7,46.3,61.4,6,3,39.3
S2244,0,Low,2.5,5.7,15.9,3,1,32.3
S2245,1,High,7.0,36.0,85.2,10,5,44.4
S2246,1,Medium,2.6,36.8,77.1,7,3,30.7
S2247,1,High,3.3,66.7,91.2,11,10,37.6
S2248,1,Medium,3.8,49.1,68.5,6,0,35.2
S2249,0,Low,0.3,23.9,8.2,3,1,15.2
S2250,1,High,5.1,45.0,88.5,6,4,36.1
S2251,0,Low,1.6,2.4,14.0,3,1,24.5
S2252,1,High,4.3,43.2,86.1,6,13,65.4
S2253,0,Low,0.7,13.6,54.3,3,1,27.9
S2254,1,High,4.1,59.1,89.7,8,13,22.3
S2255,1,Medium,3.5,47.0,73.5,7,2,31.7
S2256,1,High,4.5,51.1,94.0,10,10,44.2
S2257,1,High,5.9,56.4,94.7,11,13,33.5
S2258,0,Low,1.8,15.0,39.5,2,0,13.8
S2259,0,Medium,4.8,26.4,65.7,3,3,25.9
S2260,0,Low,1.3,18.3,27.1,0,0,0.0
S2261,1,Medium,3.3,42.4,73.2,7,1,48.1
S2262,0,Low,0.0,29.2,40.8,0,1,0.0
S2263,0,Low,2.6,17.6,16.9,1,1,21.2
S2264,0,Medium,4.2,26.3,44.4,7,4,24.7
S2265,0,Low,0.3,26.8,24.4,0,0,27.5
S2266,0,Medium,3.4,27.7,48.7,3,4,23.6
S2267,0,Medium,1.9,29.8,80.2,4,5,4.5
S2268,0,Low,1.2,26.0,33.7,1,1,0.9
S2269,1,High,4.4,51.0,85.4,7,6,32.5
S2270,0,Medium,4.1,15.8,74.6,3,3,44.8
S2271,0,Low,1.1,18.1,35.1,2,1,9.3
S2272,0,Low,2.0,11.5,44.7,1,1,0.0
S2273,0,Medium,2.9,23.5,66.0,5,0,25.6
S2274,0,Low,0.9,21.7,5.7,0,1,18.7
S2275,0,Medium,2.8,34.9,54.9,3,0,35.1
S2276,1,High,5.5,46.2,72.5,6,7,69.9
S2277,1,Medium,2.4,52.3,64.0,3,2,49.7
S2278,0,Low,1.7,20.1,42.9,0,0,25.9
S2279,0,Low,2.1,7.2,39.9,3,0,5.5
S2280,1,Medium,3.5,35.2,59.3,5,3,35.6
S2281,0,Low,1.6,19.7,20.1,0,1,26.3
S2282,1,Medium,5.1,41.1,50.9,3,0,59.6
S2283,1,Medium,4.6,48.0,47.0,3,2,36.1
S2284,1,Medium,3.5,19.1,48.5,5,5,55.3
S2285,1,High,3.3,56.3,92.6,10,8,18.7
S2286,1,High,6.3,69.0,80.0,8,9,48.7
S2287,0,Low,1.1,16.2,17.8,1,1,3.3
S2288,1,High,3.3,45.5,81.6,6,8,57.0
S2289,0,Medium,3.9,27.4,53.9,4,1,23.0
S2290,0,Medium,3.0,10.7,72.8,6,0,10.5
S2291,0,Low,0.8,21.9,14.2,3,1,13.5
S2292,0,Low,1.1,12.7,40.9,1,0,2.0
S2293,1,High,4.8,50.0,98.3,8,10,22.6
S2294,0,Medium,3.3,29.3,54.5,4,5,34.0
S2295,1,Medium,3.4,40.0,61.0,7,5,15.3
S2296,1,High,4.2,51.4,78.4,6,13,45.2
S2297,0,Medium,1.0,61.5,51.1,3,3,24.3
S2298,1,Medium,3.7,54.3,33.9,7,1,55.8
S2299,0,Low,1.6,13.9,42.8,3,0,17.5
S2300,0,Low,1.6,27.3,17.0,2,1,37.0
S2301,0,Low,1.4,30.6,17.1,0,1,0.0
S2302,0,Medium,3.6,32.9,67.7,5,0,42.3
S2303,0,Medium,1.6,43.2,58.2,3,1,30.7
S2304,0,Low,2.0,4.6,41.6,2,1,19.6
S2305,1,Medium,3.0,23.1,86.0,7,4,27.8
S2306,1,High,5.4,52.9,91.8,10,3,19.8
S2307,1,Medium,4.9,35.1,79.6,7,4,20.4
S2308,1,High,4.7,40.7,89.4,6,7,0.0
S2309,1,High,4.4,52.4,81.3,7,13,41.9
S2310,1,Medium,3.6,41.2,53.4,7,3,27.7
S2311,1,Medium,3.2,44.8,55.0,7,5,29.3
S2312,1,High,3.5,40.5,94.3,10,8,20.5
S2313,0,Low,2.6,13.5,36.3,0,0,8.8
S2314,0,Medium,3.2,21.9,55.3,5,0,49.4
S2315,0,Low,0.3,20.3,27.9,2,0,0.0
S2316,1,High,5.8,44.4,85.6,9,3,37.3
S2317,0,Low,0.6,13.1,36.1,1,1,16.6
S2318,0,Medium,1.1,24.4,54.7,7,1,45.4
S2319,0,Medium,3.9,31.6,51.2,3,0,28.0
S2320,1,Medium,2.7,48.8,72.5,7,5,29.7
S2321,1,High,6.5,63.1,86.1,8,4,22.7
S2322,0,Low,0.8,28.9,58.5,1,1,10.7
S2323,1,High,4.5,67.3,87.9,11,7,54.8
S2324,1,Medium,3.4,49.7,64.3,6,2,46.8
S2325,0,Medium,2.0,44.9,61.5,5,5,19.5
S2326,0,Medium,2.8,33.0,63.5,4,3,26.4
S2327,1,High,5.3,28.6,76.9,10,6,49.0
S2328,0,Low,1.2,14.2,36.3,3,1,11.6
S2329,0,Low,0.1,9.7,12.3,0,1,16.0
S2330,0,Low,2.0,15.2,22.4,2,0,36.6
S2331,1,Medium,3.3,49.0,61.0,6,5,36.0
S2332,0,Low,1.7,3.4,49.1,0,0,14.1
S2333,0,Medium,3.7,44.9,74.7,3,5,7.1
S2334,0,Medium,2.8,31.4,51.1,3,2,31.1
S2335,0,Low,1.9,43.1,45.0,3,1,12.3
S2336,1,Medium,3.0,40.2,59.5,6,2,44.0
S2337,0,Low,0.4,17.0,36.3,1,0,22.7
S2338,1,High,5.2,36.0,71.1,8,4,36.2
S2339,0,Low,2.1,17.4,32.9,2,0,19.1
S2340,1,High,5.3,69.7,64.9,9,2,21.3
S2341,1,High,4.8,55.7,86.3,9,11,61.5
S2342,0,Low,1.3,16.1,21.0,2,0,31.0
S2343,0,Medium,2.9,30.7,66.8,4,3,1.0
S2344,0,Medium,3.1,36.2,49.1,3,2,25.8
S2345,1,Medium,3.2,49.5,53.8,5,3,58.0
S2346,1,Medium,5.3,22.5,50.9,7,5,49.7
S2347,1,High,5.7,56.6,100.0,10,10,30.8
S2348,0,Medium,2.6,39.8,57.3,3,1,19.8
S2349,1,Medium,3.7,53.6,64.7,7,0,47.5
S2350,0,Medium,3.4,37.5,45.6,6,2,27.1
S2351,1,High,7.0,55.0,77.6,8,5,22.8
S2352,0,Low,1.3,8.1,27.1,1,1,5.6
S2353,0,Medium,1.9,32.1,53.9,3,5,22.5
S2354,0,Medium,4.7,27.0,52.0,3,1,25.7
S2355,0,Low,1.3,16.9,27.7,2,1,19.8
S2356,1,High,5.0,75.7,90.2,11,14,38.8
S2357,0,Medium,2.9,44.3,57.3,4,2,20.7
S2358,1,High,6.3,44.5,99.2,9,14,40.9
S2359,0,Medium,3.1,21.2,39.7,6,2,30.5
S2360,1,Medium,2.7,48.9,68.2,5,5,17.2
S2361,0,Medium,3.2,22.0,54.0,5,3,44.9
S2362,1,Medium,3.7,46.2,70.2,6,5,28.4
S2363,1,High,5.8,57.0,89.6,8,10,55.7
S2364,0,Medium,2.2,36.7,74.2,4,0,31.5
S2365,1,High,4.7,48.5,87.7,6,11,49.1
S2366,0,Low,0.4,14.4,44.3,1,0,12.1
S2367,0,Medium,3.7,41.0,42.9,4,2,22.9
S2368,1,High,5.5,56.5,100.0,8,6,61.0
S2369,1,High,5.2,43.7,85.4,6,6,28.6
S2370,1,High,5.6,30.8,88.1,7,8,52.3
S2371,1,High,3.9,54.7,85.9,8,13,45.9
S2372,0,Low,0.8,9.0,8.1,1,0,0.0
S2373,0,Medium,2.8,29.5,57.4,3,0,31.5
S2374,0,Low,1.6,24.7,26.7,0,0,19.6
S2375,1,Medium,4.7,37.9,73.2,4,4,14.6
S2376,0,Low,1.8,2.0,19.8,0,1,9.7
S2377,0,Medium,1.0,18.0,61.5,6,1,51.1
S2378,0,Low,0.5,6.1,14.0,2,0,21.5
S2379,1,High,4.7,75.7,77.5,6,4,2.8
S2380,0,Low,0.3,5.4,16.9,3,1,35.2
S2381,1,High,5.1,61.8,92.1,11,13,34.6
S2382,1,High,4.7,61.3,82.8,6,8,45.7
S2383,0,Medium,1.9,39.9,57.6,6,0,25.0
S2384,0,Low,1.3,7.2,24.1,0,1,20.5
S2385,1,High,5.6,47.5,87.5,9,13,41.0
S2386,0,Medium,1.5,35.4,62.6,6,1,32.6
S2387,0,Medium,3.0,41.4,58.7,3,4,0.0
S2388,0,Low,2.1,10.9,35.2,1,0,7.9
S2389,0,Medium,3.3,43.9,38.4,5,1,9.2
S2390,1,High,6.2,21.4,92.2,10,3,31.4
S2391,0,Low,1.4,35.9,40.3,0,0,0.0
S2392,0,Low,2.0,2.7,32.4,1,1,4.4
S2393,1,High,4.6,50.8,83.7,6,10,51.1
S2394,0,Low,1.6,3.4,26.1,1,0,16.3
S2395,0,Low,2.9,15.1,52.1,0,0,18.3
S2396,0,Low,0.0,18.0,21.3,0,1,28.8
S2397,0,Low,1.0,8.9,50.4,0,0,13.4
S2398,1,High,6.0,66.5,92.6,8,12,47.5
S2399,0,Medium,2.3,29.0,48.3,5,3,29.2
S2400,0,Medium,3.2,38.5,52.6,3,4,31.3
